<materials>
	<border id="1"> <!-- mountain edge border -->
		<borderitem edge="n"   item="891"/>
		<borderitem edge="w"   item="894"/>
		<borderitem edge="e"   item="892"/>
		<borderitem edge="s"   item="893"/>
		<borderitem edge="cnw" item="895"/>
		<borderitem edge="cne" item="896"/>
		<borderitem edge="cse" item="897"/>
		<borderitem edge="csw" item="898"/>
		<borderitem edge="dnw" item="899"/>
		<borderitem edge="dne" item="900"/>
		<borderitem edge="dse" item="901"/>
		<borderitem edge="dsw" item="902"/>
	</border>

	<border id="2" group="1"> <!-- grass border -->
		<borderitem edge="n"   item="4542"/>
		<borderitem edge="e"   item="4543"/>
		<borderitem edge="s"   item="4544"/>
		<borderitem edge="w"   item="4545"/>
		<borderitem edge="cnw" item="4546"/>
		<borderitem edge="cne" item="4547"/>
		<borderitem edge="csw" item="4548"/>
		<borderitem edge="cse" item="4549"/>
		<borderitem edge="dnw" item="4550"/>
		<borderitem edge="dne" item="4551"/>
		<borderitem edge="dsw" item="4552"/>
		<borderitem edge="dse" item="4553"/>
	</border>

	<border id="3"> <!-- mountain inner border -->
		<borderitem edge="e"   item="873"/>
		<borderitem edge="s"   item="874"/>
		<borderitem edge="dne" item="873"/>
		<borderitem edge="dsw" item="874"/>
		<borderitem edge="dse" item="877"/>
	</border>

	<border id="4"> <!-- flat roof border -->
		<borderitem edge="n"   item="5052"/>
		<borderitem edge="w"   item="5049"/>
		<borderitem edge="s"   item="921"/>
		<borderitem edge="e"   item="922"/>
		<borderitem edge="cnw" item="5050"/>
		<borderitem edge="cne" item="5054"/>
		<borderitem edge="csw" item="5048"/>
		<borderitem edge="cse" item="923"/>
		<borderitem edge="dnw" item="5051"/>
		<borderitem edge="dne" item="5053"/>
		<borderitem edge="dsw" item="5047"/>
		<borderitem edge="dse" item="5045"/>
	</border>

	<border id="5"> <!-- sea border -->
		<borderitem edge="n"   item="4644"/>
		<borderitem edge="e"   item="4645"/>
		<borderitem edge="s"   item="4646"/>
		<borderitem edge="w"   item="4647"/>
		<borderitem edge="cnw" item="4652"/>
		<borderitem edge="cne" item="4653"/>
		<borderitem edge="csw" item="4654"/>
		<borderitem edge="cse" item="4655"/>
		<borderitem edge="dnw" item="4648"/>
		<borderitem edge="dne" item="4649"/>
		<borderitem edge="dsw" item="4650"/>
		<borderitem edge="dse" item="4651"/>
	</border>

	<border id="6"> <!-- snow border -->
		<borderitem edge="n"   item="4737"/>
		<borderitem edge="e"   item="4738"/>
		<borderitem edge="s"   item="4739"/>
		<borderitem edge="w"   item="4740"/>
		<borderitem edge="cnw" item="4741"/>
		<borderitem edge="cne" item="4742"/>
		<borderitem edge="csw" item="4743"/>
		<borderitem edge="cse" item="4744"/>
		<borderitem edge="dnw" item="4745"/>
		<borderitem edge="dne" item="4746"/>
		<borderitem edge="dsw" item="4747"/>
		<borderitem edge="dse" item="4748"/>
	</border>

	<border id="7"> <!-- cave border -->
		<borderitem edge="n"   item="4796"/>
		<borderitem edge="e"   item="4797"/>
		<borderitem edge="s"   item="4798"/>
		<borderitem edge="w"   item="4799"/>
		<borderitem edge="cnw" item="4800"/>
		<borderitem edge="cne" item="4801"/>
		<borderitem edge="csw" item="4802"/>
		<borderitem edge="cse" item="4803"/>
		<borderitem edge="dnw" item="4804"/>
		<borderitem edge="dne" item="4805"/>
		<borderitem edge="dsw" item="4806"/>
		<borderitem edge="dse" item="4807"/>
	</border>

	<border id="8" group="1"> <!-- lawn border -->
		<borderitem edge="n"   item="4784"/>
		<borderitem edge="e"   item="4785"/>
		<borderitem edge="s"   item="4786"/>
		<borderitem edge="w"   item="4787"/>
		<borderitem edge="cnw" item="4788"/>
		<borderitem edge="cne" item="4789"/>
		<borderitem edge="csw" item="4790"/>
		<borderitem edge="cse" item="4791"/>
		<borderitem edge="dnw" item="4792"/>
		<borderitem edge="dne" item="4793"/>
		<borderitem edge="dsw" item="4794"/>
		<borderitem edge="dse" item="4795"/>
	</border>

	<border id="9" group="1"> <!-- jungle grass border -->
		<borderitem edge="n"   item="3305"/>
		<borderitem edge="e"   item="3302"/>
		<borderitem edge="s"   item="3304"/>
		<borderitem edge="w"   item="3303"/>
		<borderitem edge="cnw" item="3301"/>
		<borderitem edge="cne" item="3300"/>
		<borderitem edge="csw" item="3299"/>
		<borderitem edge="cse" item="3298"/>
		<borderitem edge="dnw" item="3309"/>
		<borderitem edge="dne" item="3308"/>
		<borderitem edge="dsw" item="3307"/>
		<borderitem edge="dse" item="3306"/>
	</border>

	<border id="10" group="1"> <!-- mountain edge border -->
		<borderitem edge="n"   item="4456"/>
		<borderitem edge="e"   item="4457"/>
		<borderitem edge="s"   item="4458"/>
		<borderitem edge="w"   item="4459"/>
		<borderitem edge="cnw" item="4460"/>
		<borderitem edge="cne" item="4461"/>
		<borderitem edge="cse" item="4462"/>
		<borderitem edge="csw" item="4463"/>
		<borderitem edge="dnw" item="4464"/>
		<borderitem edge="dne" item="4465"/>
		<borderitem edge="dse" item="4466"/>
		<borderitem edge="dsw" item="4467"/>
	</border>

	<border id="11" group="1"> <!-- rock border -->
		<borderitem edge="n"   item="4554"/>
		<borderitem edge="e"   item="4555"/>
		<borderitem edge="s"   item="4556"/>
		<borderitem edge="w"   item="4557"/>
		<borderitem edge="cnw" item="4558"/>
		<borderitem edge="cne" item="4559"/>
		<borderitem edge="csw" item="4560"/>
		<borderitem edge="cse" item="4561"/>
		<borderitem edge="dnw" item="4562"/>
		<borderitem edge="dne" item="4563"/>
		<borderitem edge="dsw" item="4564"/>
		<borderitem edge="dse" item="4565"/>
	</border>

	<border id="12" group="1"> <!-- gravel border -->
		<borderitem edge="n"   item="4596"/>
		<borderitem edge="e"   item="4597"/>
		<borderitem edge="s"   item="4598"/>
		<borderitem edge="w"   item="4599"/>
		<borderitem edge="cnw" item="4600"/>
		<borderitem edge="cne" item="4601"/>
		<borderitem edge="csw" item="4602"/>
		<borderitem edge="cse" item="4603"/>
		<borderitem edge="dnw" item="4604"/>
		<borderitem edge="dne" item="4605"/>
		<borderitem edge="dsw" item="4606"/>
		<borderitem edge="dse" item="4607"/>
	</border>

	<border id="13" group="1"> <!-- dirt border -->
		<borderitem edge="n"   item="4667"/>
		<borderitem edge="e"   item="4668"/>
		<borderitem edge="s"   item="4669"/>
		<borderitem edge="w"   item="4670"/>
		<borderitem edge="cnw" item="4671"/>
		<borderitem edge="cne" item="4672"/>
		<borderitem edge="csw" item="4673"/>
		<borderitem edge="cse" item="4674"/>
		<borderitem edge="dnw" item="4675"/>
		<borderitem edge="dne" item="4676"/>
		<borderitem edge="dsw" item="4677"/>
		<borderitem edge="dse" item="4678"/>
	</border>

	<border id="14" group="1"> <!-- light dirt border -->
		<borderitem edge="n"   item="4679"/>
		<borderitem edge="e"   item="4680"/>
		<borderitem edge="s"   item="4681"/>
		<borderitem edge="w"   item="4682"/>
		<borderitem edge="cnw" item="4683"/>
		<borderitem edge="cne" item="4684"/>
		<borderitem edge="csw" item="4685"/>
		<borderitem edge="cse" item="4686"/>
		<borderitem edge="dnw" item="4687"/>
		<borderitem edge="dne" item="4688"/>
		<borderitem edge="dsw" item="4689"/>
		<borderitem edge="dse" item="4690"/>
	</border>

	<border id="15" group="1"> <!-- swamp border -->
		<borderitem edge="n"   item="4713"/>
		<borderitem edge="e"   item="4714"/>
		<borderitem edge="s"   item="4715"/>
		<borderitem edge="w"   item="4716"/>
		<borderitem edge="cnw" item="4717"/>
		<borderitem edge="cne" item="4718"/>
		<borderitem edge="csw" item="4719"/>
		<borderitem edge="cse" item="4720"/>
		<borderitem edge="dnw" item="4721"/>
		<borderitem edge="dne" item="4722"/>
		<borderitem edge="dsw" item="4723"/>
		<borderitem edge="dse" item="4724"/>
	</border>

	<border id="16"> <!-- desert sand border -->
		<borderitem edge="n"   item="4772"/>
		<borderitem edge="e"   item="4775"/>
		<borderitem edge="s"   item="4773"/>
		<borderitem edge="w"   item="4774"/>
		<borderitem edge="cnw" item="4776"/>
		<borderitem edge="cne" item="4777"/>
		<borderitem edge="csw" item="4778"/>
		<borderitem edge="cse" item="4779"/>
		<borderitem edge="dnw" item="4780"/>
		<borderitem edge="dne" item="4781"/>
		<borderitem edge="dsw" item="4782"/>
		<borderitem edge="dse" item="4783"/>
	</border>

	<border id="17"> <!-- beach sand border -->
		<borderitem edge="n"   item="4760"/>
		<borderitem edge="e"   item="4761"/>
		<borderitem edge="s"   item="4762"/>
		<borderitem edge="w"   item="4763"/>
		<borderitem edge="cnw" item="4764"/>
		<borderitem edge="cne" item="4765"/>
		<borderitem edge="csw" item="4766"/>
		<borderitem edge="cse" item="4767"/>
		<borderitem edge="dnw" item="4768"/>
		<borderitem edge="dne" item="4769"/>
		<borderitem edge="dsw" item="4770"/>
		<borderitem edge="dse" item="4771"/>
	</border>

	<border id="18"> <!-- lava border -->
		<borderitem edge="n"   item="4808"/>
		<borderitem edge="e"   item="4809"/>
		<borderitem edge="s"   item="4810"/>
		<borderitem edge="w"   item="4811"/>
		<borderitem edge="cnw" item="4812"/>
		<borderitem edge="cne" item="4813"/>
		<borderitem edge="csw" item="4814"/>
		<borderitem edge="cse" item="4815"/>
		<borderitem edge="dnw" item="4816"/>
		<borderitem edge="dne" item="4817"/>
		<borderitem edge="dsw" item="4818"/>
		<borderitem edge="dse" item="4819"/>
	</border>

	<border id="19" group="1"> <!-- hard rock border -->
		<borderitem edge="n"   item="3226"/>
		<borderitem edge="e"   item="3227"/>
		<borderitem edge="s"   item="3228"/>
		<borderitem edge="w"   item="3229"/>
		<borderitem edge="cnw" item="3230"/>
		<borderitem edge="cne" item="3231"/>
		<borderitem edge="csw" item="3232"/>
		<borderitem edge="cse" item="3233"/>
		<borderitem edge="dnw" item="3234"/>
		<borderitem edge="dne" item="3235"/>
		<borderitem edge="dsw" item="3236"/>
		<borderitem edge="dse" item="3237"/>
	</border>

	<border id="20" group="1"> <!-- stone border -->
		<borderitem edge="n"   item="4514"/>
		<borderitem edge="e"   item="4515"/>
		<borderitem edge="s"   item="4516"/>
		<borderitem edge="w"   item="4517"/>
		<borderitem edge="cnw" item="4518"/>
		<borderitem edge="cne" item="4519"/>
		<borderitem edge="csw" item="4520"/>
		<borderitem edge="cse" item="4521"/>
		<borderitem edge="dnw" item="4522"/>
		<borderitem edge="dne" item="4523"/>
		<borderitem edge="dsw" item="4524"/>
		<borderitem edge="dse" item="4525"/>
	</border>

	<border id="21"> <!-- cave wall border -->
		<borderitem edge="n"   item="5632"/>
		<borderitem edge="e"   item="5637"/>
		<borderitem edge="s"   item="5638"/>
		<borderitem edge="w"   item="5631"/>
		<borderitem edge="cnw" item="5635"/>
		<borderitem edge="cne" item="5636"/>
		<borderitem edge="csw" item="5634"/>
		<borderitem edge="cse" item="5633"/>
		<borderitem edge="dnw" item="5647"/>
		<borderitem edge="dne" item="5651"/>
		<borderitem edge="dsw" item="5650"/>
		<borderitem edge="dse" item="5649"/>
	</border>

	<border id="22"> <!-- stone cave wall border -->
		<borderitem edge="n"   item="5640"/>
		<borderitem edge="e"   item="5641"/>
		<borderitem edge="s"   item="5642"/>
		<borderitem edge="w"   item="5639"/>
		<borderitem edge="cnw" item="5645"/>
		<borderitem edge="cne" item="5646"/>
		<borderitem edge="csw" item="5644"/>
		<borderitem edge="cse" item="5643"/>
		<borderitem edge="dnw" item="5648"/>
		<borderitem edge="dne" item="5652"/>
		<borderitem edge="dsw" item="5654"/>
		<borderitem edge="dse" item="5653"/>
	</border>

	<border id="23"> <!-- brick roof, vertical -->
		<borderitem edge="s" item="934"/>
		<borderitem edge="cse" item="930"/>
		<borderitem edge="csw" item="933"/>
		<borderitem edge="w" item="928"/>
		<borderitem edge="e" item="925"/>
	</border>

	<border id="24"> <!-- brick roof, left -->
		<borderitem edge="s" item="931"/>
		<borderitem edge="cse" item="930"/>
		<borderitem edge="csw" item="933"/>
		<borderitem edge="w" item="928"/>
		<borderitem edge="e" item="925"/>
	</border>

	<border id="25"> <!-- brick roof, right -->
		<borderitem edge="s" item="932"/>
		<borderitem edge="cse" item="930"/>
		<borderitem edge="csw" item="933"/>
		<borderitem edge="w" item="928"/>
		<borderitem edge="e" item="925"/>
	</border>

	<border id="26"> <!-- brick roof, up -->
		<borderitem edge="e" item="941"/>
		<borderitem edge="cse" item="940"/>
		<borderitem edge="cne" item="943"/>
		<borderitem edge="n" item="938"/>
		<borderitem edge="s" item="935"/>
	</border>

	<border id="27"> <!-- brick roof, horizontal -->
		<borderitem edge="e" item="944"/>
		<borderitem edge="cse" item="940"/>
		<borderitem edge="cne" item="943"/>
		<borderitem edge="n" item="938"/>
		<borderitem edge="s" item="935"/>
	</border>

	<border id="28"> <!-- brick roof, down -->
		<borderitem edge="e" item="942"/>
		<borderitem edge="cse" item="940"/>
		<borderitem edge="cne" item="943"/>
		<borderitem edge="n" item="938"/>
		<borderitem edge="s" item="935"/>
	</border>

	<border id="29" type="optional"> <!-- normal mountain gravel border -->
		<borderitem edge="n"   item="4471"/>
		<borderitem edge="e"   item="4468"/>
		<borderitem edge="s"   item="4469"/>
		<borderitem edge="w"   item="4472"/>
		<borderitem edge="cnw" item="4475"/>
		<borderitem edge="cne" item="4474"/>
		<borderitem edge="csw" item="4473"/>
		<borderitem edge="cse" item="4470"/>
		<borderitem edge="dnw" item="4476"/>
		<borderitem edge="dne" item="4478"/>
		<borderitem edge="dsw" item="4477"/>
		<borderitem edge="dse" item="4479"/>
	</border>

	<border id="30"> <!-- lava rock border -->
		<borderitem edge="n"   item="5828"/>
		<borderitem edge="e"   item="5829"/>
		<borderitem edge="s"   item="5830"/>
		<borderitem edge="w"   item="5831"/>
		<borderitem edge="cnw" item="5834"/>
		<borderitem edge="cne" item="5835"/>
		<borderitem edge="csw" item="5832"/>
		<borderitem edge="cse" item="5833"/>
		<borderitem edge="dnw" item="5836"/>
		<borderitem edge="dne" item="5837"/>
		<borderitem edge="dsw" item="5838"/>
		<borderitem edge="dse" item="5839"/>
	</border>

	<border id="31"> <!-- flat brown bomboo roof border -->
		<borderitem edge="n"   item="3353"/>
		<borderitem edge="w"   item="3356"/>
		<borderitem edge="s"   item="3350"/>
		<borderitem edge="e"   item="3355"/>
		<borderitem edge="cnw" item="3354"/>
		<borderitem edge="cne" item="3352"/>
		<borderitem edge="csw" item="3351"/>
		<borderitem edge="cse" item="3349"/>
		<borderitem edge="dnw" item="3360"/>
		<borderitem edge="dne" item="3359"/>
		<borderitem edge="dsw" item="3358"/>
		<borderitem edge="dse" item="3357"/>
	</border>

	<border id="32"> <!-- flat green bamboo roof border -->
		<borderitem edge="n"   item="6164"/>
		<borderitem edge="w"   item="6167"/>
		<borderitem edge="s"   item="6161"/>
		<borderitem edge="e"   item="6166"/>
		<borderitem edge="cnw" item="6165"/>
		<borderitem edge="cne" item="6163"/>
		<borderitem edge="csw" item="6162"/>
		<borderitem edge="cse" item="6160"/>
		<borderitem edge="dnw" item="6171"/>
		<borderitem edge="dne" item="6170"/>
		<borderitem edge="dsw" item="6169"/>
		<borderitem edge="dse" item="6168"/>
	</border>

	<border id="33"> <!-- snowy sea border (not snow border to sea, just a snowy sea border (confusing, yes...) -->
		<borderitem edge="n"   item="6627"/>
		<borderitem edge="e"   item="6628"/>
		<borderitem edge="s"   item="6629"/>
		<borderitem edge="w"   item="6630"/>
		<borderitem edge="cnw" item="6635"/>
		<borderitem edge="cne" item="6636"/>
		<borderitem edge="csw" item="6638"/>
		<borderitem edge="cse" item="6637"/>
		<borderitem edge="dnw" item="6634"/>
		<borderitem edge="dne" item="6633"/>
		<borderitem edge="dsw" item="6632"/>
		<borderitem edge="dse" item="6631"/>
	</border>

	<border id="34"> <!-- wooden roof, up -->
		<borderitem edge="e" item="951"/>
		<borderitem edge="cse" item="950"/>
		<borderitem edge="cne" item="954"/>
		<borderitem edge="n" item="949"/>
		<borderitem edge="s" item="945"/>
	</border>

	<border id="35"> <!-- wooden roof, horizontal -->
		<borderitem edge="e" item="952"/>
		<borderitem edge="cse" item="950"/>
		<borderitem edge="cne" item="954"/>
		<borderitem edge="n" item="949"/>
		<borderitem edge="s" item="945"/>
	</border>

	<border id="36"> <!-- wooden roof, down -->
		<borderitem edge="e" item="953"/>
		<borderitem edge="cse" item="950"/>
		<borderitem edge="cne" item="954"/>
		<borderitem edge="n" item="949"/>
		<borderitem edge="s" item="945"/>
	</border>

	<border id="37"> <!-- wooden roof, left -->
		<borderitem edge="s" item="963"/>
		<borderitem edge="cse" item="960"/>
		<borderitem edge="csw" item="964"/>
		<borderitem edge="w" item="959"/>
		<borderitem edge="e" item="955"/>
	</border>

	<border id="38"> <!-- wooden roof, vertical -->
		<borderitem edge="s" item="962"/>
		<borderitem edge="cse" item="960"/>
		<borderitem edge="csw" item="964"/>
		<borderitem edge="w" item="959"/>
		<borderitem edge="e" item="955"/>
	</border>

	<border id="39"> <!-- wooden roof, right -->
		<borderitem edge="s" item="961"/>
		<borderitem edge="cse" item="960"/>
		<borderitem edge="csw" item="964"/>
		<borderitem edge="w" item="959"/>
		<borderitem edge="e" item="955"/>
	</border>

	<border id="40"> <!-- dark wooden floor border -->
		<borderitem edge="n"   item="3145"/>
		<borderitem edge="w"   item="3147"/>
		<borderitem edge="s"   item="3144"/>
		<borderitem edge="e"   item="3146"/>
		<borderitem edge="cnw" item="3143"/>
		<borderitem edge="cne" item="3142"/>
		<borderitem edge="csw" item="3141"/>
		<borderitem edge="cse" item="3140"/>
		<borderitem edge="dnw" item="3148"/>
		<borderitem edge="dne" item="3149"/>
		<borderitem edge="dsw" item="3150"/>
		<borderitem edge="dse" item="3151"/>
	</border>

	<border id="41" type="optional"> <!-- wooden floor border -->
		<borderitem edge="n"   item="435"/>
		<borderitem edge="w"   item="437"/>
		<borderitem edge="s"   item="434"/>
		<borderitem edge="e"   item="436"/>
		<borderitem edge="cnw" item="444"/>
		<borderitem edge="cne" item="445"/>
		<borderitem edge="csw" item="443"/>
		<borderitem edge="cse" item="442"/>
		<borderitem edge="dnw" item="440"/>
		<borderitem edge="dne" item="441"/>
		<borderitem edge="dsw" item="439"/>
		<borderitem edge="dse" item="438"/>
	</border>

	<border id="42"> <!-- melting ground border -->
		<borderitem edge="n"   item="5816"/>
		<borderitem edge="w"   item="5819"/>
		<borderitem edge="s"   item="5818"/>
		<borderitem edge="e"   item="5817"/>
		<borderitem edge="cnw" item="5822"/>
		<borderitem edge="cne" item="5823"/>
		<borderitem edge="csw" item="5821"/>
		<borderitem edge="cse" item="5820"/>
		<borderitem edge="dnw" item="5827"/>
		<borderitem edge="dne" item="5826"/>
		<borderitem edge="dsw" item="5825"/>
		<borderitem edge="dse" item="5824"/>
	</border>

	<border id="43"> <!-- ice border -->
		<borderitem edge="n"   item="6695"/>
		<borderitem edge="w"   item="6698"/>
		<borderitem edge="s"   item="6697"/>
		<borderitem edge="e"   item="6696"/>
		<borderitem edge="cnw" item="6699"/>
		<borderitem edge="cne" item="6700"/>
		<borderitem edge="csw" item="6701"/>
		<borderitem edge="cse" item="6702"/>
		<borderitem edge="dnw" item="6703"/>
		<borderitem edge="dne" item="6704"/>
		<borderitem edge="dsw" item="6705"/>
		<borderitem edge="dse" item="6706"/>
	</border>

	<border id="44"> <!-- frozen mud slim border -->
		<borderitem edge="n"   item="7067"/>
		<borderitem edge="w"   item="7070"/>
		<borderitem edge="s"   item="7069"/>
		<borderitem edge="e"   item="7068"/>
		<borderitem edge="cnw" item="7071"/>
		<borderitem edge="cne" item="7072"/>
		<borderitem edge="csw" item="7073"/>
		<borderitem edge="cse" item="7074"/>
		<borderitem edge="dnw" item="7075"/>
		<borderitem edge="dne" item="7076"/>
		<borderitem edge="dsw" item="7077"/>
		<borderitem edge="dse" item="7078"/>
	</border>

	<border id="45"> <!-- wooden raft border -->
		<borderitem edge="n"   item="7205"/>
		<borderitem edge="w"   item="7207"/>
		<borderitem edge="s"   item="7204"/>
		<borderitem edge="e"   item="7202"/>
		<borderitem edge="cnw" item="7208"/>
		<borderitem edge="cne" item="7203"/>
		<borderitem edge="csw" item="7206"/>
		<borderitem edge="cse" item="7201"/>
		<borderitem edge="dnw" item="7212"/>
		<borderitem edge="dne" item="7210"/>
		<borderitem edge="dsw" item="7211"/>
		<borderitem edge="dse" item="7209"/>
	</border>

	<border id="46"> <!-- frozen mud thick border -->
		<borderitem edge="n"   item="7079"/>
		<borderitem edge="w"   item="7082"/>
		<borderitem edge="s"   item="7081"/>
		<borderitem edge="e"   item="7080"/>
		<borderitem edge="cnw" item="7083"/>
		<borderitem edge="cne" item="7084"/>
		<borderitem edge="csw" item="7085"/>
		<borderitem edge="cse" item="7086"/>
		<borderitem edge="dnw" item="7087"/>
		<borderitem edge="dne" item="7088"/>
		<borderitem edge="dsw" item="7089"/>
		<borderitem edge="dse" item="7090"/>
	</border>

	<border id="47"> <!-- frozen mud sea border -->
		<borderitem edge="n"   item="6639"/>
		<borderitem edge="e"   item="6640"/>
		<borderitem edge="s"   item="6641"/>
		<borderitem edge="w"   item="6642"/>
		<borderitem edge="cnw" item="6647"/>
		<borderitem edge="cne" item="6648"/>
		<borderitem edge="csw" item="6649"/>
		<borderitem edge="cse" item="6650"/>
		<borderitem edge="dnw" item="6643"/>
		<borderitem edge="dne" item="6644"/>
		<borderitem edge="dsw" item="6645"/>
		<borderitem edge="dse" item="6646"/>
	</border>

	<border id="48"> <!-- snow sea border -->
		<borderitem edge="n"   item="6675"/>
		<borderitem edge="e"   item="4738"/>
		<borderitem edge="s"   item="4739"/>
		<borderitem edge="w"   item="6676"/>
		<borderitem edge="cnw" item="6682"/>
		<borderitem edge="cne" item="6681"/>
		<borderitem edge="csw" item="6680"/>
		<borderitem edge="cse" item="4744"/>
		<borderitem edge="dnw" item="6678"/>
		<borderitem edge="dne" item="6679"/>
		<borderitem edge="dsw" item="6677"/>
		<borderitem edge="dse" item="4748"/>
	</border>

	<border id="50"> <!-- invisible border -->
	<!--
		<borderitem edge="n"   item="4542"/>
		<borderitem edge="e"   item="4543"/>
		<borderitem edge="s"   item="4544"/>
		<borderitem edge="w"   item="4545"/>
		<borderitem edge="cnw" item="4546"/>
		<borderitem edge="cne" item="4547"/>
		<borderitem edge="csw" item="4548"/>
		<borderitem edge="cse" item="4549"/>
	-->
		<borderitem edge="n"   item="80"/>
		<borderitem edge="e"   item="81"/>
		<borderitem edge="s"   item="82"/>
		<borderitem edge="w"   item="83"/>
		<borderitem edge="cnw" item="84"/>
		<borderitem edge="cne" item="85"/>
		<borderitem edge="csw" item="86"/>
		<borderitem edge="cse" item="87"/>
	</border>

	<border id="51"> <!-- partial mountain gravel border -->
		<borderitem edge="e"   item="875"/>
		<borderitem edge="s"   item="876"/>
		<borderitem edge="cse" item="4470"/>
		<borderitem edge="dne" item="4468"/>
		<borderitem edge="dsw" item="4469"/>
		<borderitem edge="dse" item="4482"/>
	</border>

	<border id="52" type="optional"> <!-- snowy mountain gravel border -->
		<borderitem edge="n"   item="6720"/>
		<borderitem edge="e"   item="6762"/>
		<borderitem edge="s"   item="6761"/>
		<borderitem edge="w"   item="6719"/>
		<borderitem edge="cnw" item="6723"/>
		<borderitem edge="cne" item="6722"/>
		<borderitem edge="csw" item="6721"/>
		<borderitem edge="cse" item="6768"/>
		<borderitem edge="dnw" item="6724"/>
		<borderitem edge="dne" item="6726"/>
		<borderitem edge="dsw" item="6725"/>
		<borderitem edge="dse" item="6727"/>
	</border>

	<border id="53"> <!-- "lofty" (thanks mmb :p) snow border-->
		<borderitem edge="n"   item="6939"/>
		<borderitem edge="w"   item="6940"/>
		<borderitem edge="s"   item="6941"/>
		<borderitem edge="e"   item="6942"/>
		<borderitem edge="cnw" item="6946"/>
		<borderitem edge="cne" item="6944"/>
		<borderitem edge="csw" item="6945"/>
		<borderitem edge="cse" item="6943"/>
		<borderitem edge="dnw" item="6949"/>
		<borderitem edge="dne" item="6950"/>
		<borderitem edge="dsw" item="6948"/>
		<borderitem edge="dse" item="6947"/>
	</border>

	<border id="54"> <!-- partial snowy mountain gravel border -->
		<borderitem edge="e"   item="6762"/>
		<borderitem edge="s"   item="6761"/>
		<borderitem edge="cse" item="6768"/>
		<borderitem edge="dne" item="6726"/>
		<borderitem edge="dsw" item="6725"/>
		<borderitem edge="dse" item="6727"/>
	</border>

	<border id="55"> <!-- inner icy mountain border -->
		<borderitem edge="s"   item="6729"/>
		<borderitem edge="e"   item="6728"/>
		<borderitem edge="cse" item="6730"/>
		<borderitem edge="dse" item="6732"/>
	</border>

	<border id="56"> <!-- fur carpet border -->
		<borderitem edge="n"      item="6814"/>
		<borderitem edge="e"      item="6816"/>
		<borderitem edge="s"      item="6811"/>
		<borderitem edge="w"      item="6817"/>
		<borderitem edge="cnw"    item="6815"/>
		<borderitem edge="cne"    item="6813"/>
		<borderitem edge="cse"    item="6810"/>
		<borderitem edge="csw"    item="6812"/>
		<borderitem edge="dnw"    item="6821"/>
		<borderitem edge="dne"    item="6820"/>
		<borderitem edge="dse"    item="6818"/>
		<borderitem edge="dsw"    item="6819"/>
	</border>

	<border id="57" group="1"> <!-- dark swamp border -->
		<borderitem edge="n"   item="4725"/>
		<borderitem edge="e"   item="4726"/>
		<borderitem edge="s"   item="4727"/>
		<borderitem edge="w"   item="4728"/>
		<borderitem edge="cnw" item="4729"/>
		<borderitem edge="cne" item="4730"/>
		<borderitem edge="csw" item="4731"/>
		<borderitem edge="cse" item="4732"/>
		<borderitem edge="dnw" item="4733"/>
		<borderitem edge="dne" item="4734"/>
		<borderitem edge="dsw" item="4735"/>
		<borderitem edge="dse" item="4736"/>
	</border>

	<border id="120" group="1"> <!-- thick grass border -->
		<borderitem edge="n"   item="7653"/>
		<borderitem edge="e"   item="7710"/>
		<borderitem edge="s"   item="7709"/>
		<borderitem edge="w"   item="7656"/>
		<borderitem edge="cnw" item="7657"/>
		<borderitem edge="cne" item="7658"/>
		<borderitem edge="csw" item="7659"/>
		<borderitem edge="cse" item="7660"/>
		<borderitem edge="dnw" item="7661"/>
		<borderitem edge="dne" item="7662"/>
		<borderitem edge="dsw" item="7663"/>
		<borderitem edge="dse" item="7664"/>
	</border>

	<border id="121"> <!-- thick cave border -->
		<borderitem edge="n"   item="7654"/>
		<borderitem edge="e"   item="7834"/>
		<borderitem edge="s"   item="7833"/>
		<borderitem edge="w"   item="7666"/>
		<borderitem edge="cnw" item="7667"/>
		<borderitem edge="cne" item="7668"/>
		<borderitem edge="csw" item="7669"/>
		<borderitem edge="cse" item="7835"/>
		<borderitem edge="dnw" item="7671"/>
		<borderitem edge="dne" item="7672"/>
		<borderitem edge="dsw" item="7836"/>
		<borderitem edge="dse" item="7837"/>
	</border>

	<border id="122"> <!-- icy cave wall border -->
		<borderitem edge="n"   item="6823"/>
		<borderitem edge="e"   item="6824"/>
		<borderitem edge="s"   item="6825"/>
		<borderitem edge="w"   item="6822"/>
		<borderitem edge="cnw" item="6828"/>
		<borderitem edge="cne" item="6829"/>
		<borderitem edge="csw" item="6827"/>
		<borderitem edge="cse" item="6826"/>
		<borderitem edge="dnw" item="6830"/>
		<borderitem edge="dne" item="6831"/>
		<borderitem edge="dsw" item="6833"/>
		<borderitem edge="dse" item="6832"/>
	</border>

	<border id="123"> <!-- icy cave wall border -->
		<borderitem edge="e"   item="6214"/>
		<borderitem edge="w"   item="6215"/>
	</border>

	<border id="124"> <!-- icy cave wall border -->
		<borderitem edge="n"   item="6212"/>
		<borderitem edge="s"   item="6211"/>
	</border>

	<border id="125"> <!-- dirt mountain ground border -->
		<borderitem edge="n"   item="8460"/>
		<borderitem edge="e"   item="8463"/>
		<borderitem edge="s"   item="8462"/>
		<borderitem edge="w"   item="8461"/>
		<borderitem edge="cnw" item="8466"/>
		<borderitem edge="cne" item="8467"/>
		<borderitem edge="csw" item="8464"/>
		<borderitem edge="cse" item="8465"/>
		<borderitem edge="dnw" item="8468"/>
		<borderitem edge="dne" item="8469"/>
		<borderitem edge="dsw" item="8471"/>
		<borderitem edge="dse" item="8470"/>
	</border>

	<border id="126"> <!-- ugly cobblestone border -->
		<borderitem edge="n"   item="8447"/>
		<borderitem edge="e"   item="8449"/>
		<borderitem edge="s"   item="8450"/>
		<borderitem edge="w"   item="8448"/>
		<borderitem edge="cnw" item="8456"/>
		<borderitem edge="cne" item="8457"/>
		<borderitem edge="csw" item="8455"/>
		<borderitem edge="cse" item="8458"/>
		<borderitem edge="dnw" item="8454"/>
		<borderitem edge="dne" item="8453"/>
		<borderitem edge="dsw" item="8451"/>
		<borderitem edge="dse" item="8452"/>
	</border>

	<border id="127"> <!-- dark cobblestone border -->
		<borderitem edge="n"   item="8435"/>
		<borderitem edge="e"   item="8437"/>
		<borderitem edge="s"   item="8438"/>
		<borderitem edge="w"   item="8436"/>
		<borderitem edge="cnw" item="8445"/>
		<borderitem edge="cne" item="8446"/>
		<borderitem edge="csw" item="8443"/>
		<borderitem edge="cse" item="8444"/>
		<borderitem edge="dnw" item="8441"/>
		<borderitem edge="dne" item="8442"/>
		<borderitem edge="dsw" item="8439"/>
		<borderitem edge="dse" item="8440"/>
	</border>

	<border id="128"> <!-- dried grass border -->
		<borderitem edge="n"   item="8349"/>
		<borderitem edge="e"   item="8360"/>
		<borderitem edge="s"   item="8359"/>
		<borderitem edge="w"   item="8350"/>
		<borderitem edge="cnw" item="8351"/>
		<borderitem edge="cne" item="8352"/>
		<borderitem edge="csw" item="8353"/>
		<borderitem edge="cse" item="8354"/>
		<borderitem edge="dnw" item="8355"/>
		<borderitem edge="dne" item="8356"/>
		<borderitem edge="dsw" item="8357"/>
		<borderitem edge="dse" item="8358"/>
	</border>

	<border id="129"> <!-- thick sand border -->
		<borderitem edge="n"   item="8335"/>
		<borderitem edge="e"   item="8338"/>
		<borderitem edge="s"   item="8336"/>
		<borderitem edge="w"   item="8337"/>
		<borderitem edge="cnw" item="8339"/>
		<borderitem edge="cne" item="8340"/>
		<borderitem edge="csw" item="8341"/>
		<borderitem edge="cse" item="8342"/>
		<borderitem edge="dnw" item="8343"/>
		<borderitem edge="dne" item="8344"/>
		<borderitem edge="dsw" item="8345"/>
		<borderitem edge="dse" item="8346"/>
	</border>

	<border id="130" type="optional"> <!-- normal dirt mountain gravel -->
		<borderitem edge="n"   item="7989"/>
		<borderitem edge="e"   item="8168"/>
		<borderitem edge="s"   item="8169"/>
		<borderitem edge="w"   item="7988"/>
		<borderitem edge="cnw" item="7995"/>
		<borderitem edge="cne" item="7996"/>
		<borderitem edge="csw" item="7994"/>
		<borderitem edge="cse" item="8371"/>
		<borderitem edge="dnw" item="8135"/>
		<borderitem edge="dne" item="7996"/>
		<borderitem edge="dsw" item="7994"/>
		<borderitem edge="dse" item="8138"/>
	</border>

	<border id="131"> <!-- dirt mountain inner border -->
		<borderitem edge="e"   item="7999"/>
		<borderitem edge="s"   item="8000"/>
		<borderitem edge="dne" item="7999"/>
		<borderitem edge="dsw" item="8000"/>
		<borderitem edge="dse" item="8002"/>
	</border>

	<border id="132"> <!-- thick sand border -->
		<borderitem edge="n"   item="8021"/>
		<borderitem edge="e"   item="8024"/>
		<borderitem edge="s"   item="8023"/>
		<borderitem edge="w"   item="8022"/>
		<borderitem edge="cnw" item="8025"/>
		<borderitem edge="cne" item="8026"/>
		<borderitem edge="csw" item="8027"/>
		<borderitem edge="cse" item="8028"/>
		<borderitem edge="dnw" item="8365"/>
		<borderitem edge="dne" item="8030"/>
		<borderitem edge="dsw" item="8031"/>
		<borderitem edge="dse" item="8032"/>
	</border>

	<border id="133"> <!-- "lofty" ice border-->
		<borderitem edge="n"   item="6870"/>
		<borderitem edge="w"   item="6871"/>
		<borderitem edge="s"   item="6872"/>
		<borderitem edge="e"   item="6873"/>
		<borderitem edge="cnw" item="6875"/>
		<borderitem edge="cne" item="6876"/>
		<borderitem edge="csw" item="6874"/>
		<borderitem edge="cse" item="6877"/>
		<borderitem edge="dnw" item="6879"/>
		<borderitem edge="dne" item="6880"/>
		<borderitem edge="dsw" item="6878"/>
		<borderitem edge="dse" item="6881"/>
	</border>

	<border id="134"> <!-- dark sand dirt border -->
		<borderitem edge="n"   item="11165"/>
		<borderitem edge="e"   item="11167"/>
		<borderitem edge="s"   item="11166"/>
		<borderitem edge="w"   item="11168"/>
		<borderitem edge="cnw" item="11172"/>
		<borderitem edge="cne" item="11171"/>
		<borderitem edge="csw" item="11170"/>
		<borderitem edge="cse" item="11169"/>
		<borderitem edge="dnw" item="11175"/>
		<borderitem edge="dne" item="11176"/>
		<borderitem edge="dsw" item="11174"/>
		<borderitem edge="dse" item="11173"/>
	</border>

	<border id="135"> <!-- lush grass border -->
		<borderitem edge="n"   item="12707"/>
		<borderitem edge="e"   item="12708"/>
		<borderitem edge="s"   item="12706"/>
		<borderitem edge="w"   item="12709"/>
		<borderitem edge="cnw" item="12716"/>
		<borderitem edge="cne" item="12717"/>
		<borderitem edge="csw" item="12715"/>
		<borderitem edge="cse" item="12714"/>
		<borderitem edge="dnw" item="12712"/>
		<borderitem edge="dne" item="12713"/>
		<borderitem edge="dsw" item="12711"/>
		<borderitem edge="dse" item="12710"/>
	</border>

	<border id="136"> <!-- mossy floor border -->
		<borderitem edge="n"   item="17674"/>
		<borderitem edge="e"   item="17675"/>
		<borderitem edge="s"   item="17673"/>
		<borderitem edge="w"   item="17676"/>
		<borderitem edge="cnw" item="17683"/>
		<borderitem edge="cne" item="17684"/>
		<borderitem edge="csw" item="17682"/>
		<borderitem edge="cse" item="17681"/>
		<borderitem edge="dnw" item="17679"/>
		<borderitem edge="dne" item="17680"/>
		<borderitem edge="dsw" item="17678"/>
		<borderitem edge="dse" item="17677"/>
	</border>

	<border id="137"> <!-- forest floor border -->
		<borderitem edge="n"   item="21113"/>
		<borderitem edge="e"   item="21124"/>
		<borderitem edge="s"   item="21123"/>
		<borderitem edge="w"   item="21114"/>
		<borderitem edge="cnw" item="21115"/>
		<borderitem edge="cne" item="21116"/>
		<borderitem edge="csw" item="21117"/>
		<borderitem edge="cse" item="21118"/>
		<borderitem edge="dnw" item="21119"/>
		<borderitem edge="dne" item="21120"/>
		<borderitem edge="dsw" item="21121"/>
		<borderitem edge="dse" item="21122"/>
	</border>

	<border id="138"> <!-- brown sand border -->
		<borderitem edge="n"   item="10456"/>
		<borderitem edge="e"   item="10459"/>
		<borderitem edge="s"   item="10457"/>
		<borderitem edge="w"   item="10458"/>
		<borderitem edge="cnw" item="10462"/>
		<borderitem edge="cne" item="10463"/>
		<borderitem edge="csw" item="10461"/>
		<borderitem edge="cse" item="10460"/>
		<borderitem edge="dnw" item="10465"/>
		<borderitem edge="dne" item="10464"/>
		<borderitem edge="dsw" item="10467"/>
		<borderitem edge="dse" item="10466"/>
	</border>

	<border id="139"> <!-- dirt mud border -->
		<borderitem edge="n"   item="10625"/>
		<borderitem edge="e"   item="10628"/>
		<borderitem edge="s"   item="10626"/>
		<borderitem edge="w"   item="10627"/>
		<borderitem edge="cnw" item="10631"/>
		<borderitem edge="cne" item="10632"/>
		<borderitem edge="csw" item="10630"/>
		<borderitem edge="cse" item="10629"/>
		<borderitem edge="dnw" item="10634"/>
		<borderitem edge="dne" item="10633"/>
		<borderitem edge="dsw" item="10636"/>
		<borderitem edge="dse" item="10635"/>
	</border>

	<border id="140"> <!-- dark dirt mud border -->
		<borderitem edge="n"   item="21613"/>
		<borderitem edge="e"   item="21616"/>
		<borderitem edge="s"   item="21614"/>
		<borderitem edge="w"   item="21615"/>
		<borderitem edge="cnw" item="21619"/>
		<borderitem edge="cne" item="21620"/>
		<borderitem edge="csw" item="21618"/>
		<borderitem edge="cse" item="21617"/>
		<borderitem edge="dnw" item="21622"/>
		<borderitem edge="dne" item="21621"/>
		<borderitem edge="dsw" item="21624"/>
		<borderitem edge="dse" item="21623"/>
	</border>

	<border id="141"> <!-- unknown brown dirt border -->
		<borderitem edge="n"   item="21912"/>
		<borderitem edge="e"   item="21915"/>
		<borderitem edge="s"   item="21913"/>
		<borderitem edge="w"   item="21914"/>
		<borderitem edge="cnw" item="21918"/>
		<borderitem edge="cne" item="21919"/>
		<borderitem edge="csw" item="21917"/>
		<borderitem edge="cse" item="21916"/>
		<borderitem edge="dnw" item="21921"/>
		<borderitem edge="dne" item="21920"/>
		<borderitem edge="dsw" item="21923"/>
		<borderitem edge="dse" item="21922"/>
	</border>

	<border id="142"> <!-- pink sand border -->
		<borderitem edge="n"   item="10638"/>
		<borderitem edge="e"   item="10639"/>
		<borderitem edge="s"   item="10640"/>
		<borderitem edge="w"   item="10641"/>
		<borderitem edge="cnw" item="10642"/>
		<borderitem edge="cne" item="10643"/>
		<borderitem edge="csw" item="10644"/>
		<borderitem edge="cse" item="10645"/>
		<borderitem edge="dnw" item="10646"/>
		<borderitem edge="dne" item="10647"/>
		<borderitem edge="dsw" item="10648"/>
		<borderitem edge="dse" item="10649"/>
	</border>

	<border id="143"> <!-- dark sand border -->
		<borderitem edge="n"   item="13201"/>
		<borderitem edge="e"   item="13212"/>
		<borderitem edge="s"   item="13211"/>
		<borderitem edge="w"   item="13202"/>
		<borderitem edge="cnw" item="13203"/>
		<borderitem edge="cne" item="13204"/>
		<borderitem edge="csw" item="13205"/>
		<borderitem edge="cse" item="13206"/>
		<borderitem edge="dnw" item="13207"/>
		<borderitem edge="dne" item="13208"/>
		<borderitem edge="dsw" item="13209"/>
		<borderitem edge="dse" item="13210"/>
	</border>

	<border id="144"> <!-- mud sand border -->
		<borderitem edge="n"   item="11016"/>
		<borderitem edge="e"   item="11017"/>
		<borderitem edge="s"   item="11018"/>
		<borderitem edge="w"   item="11019"/>
		<borderitem edge="cnw" item="11020"/>
		<borderitem edge="cne" item="11021"/>
		<borderitem edge="csw" item="11022"/>
		<borderitem edge="cse" item="11023"/>
		<borderitem edge="dnw" item="11024"/>
		<borderitem edge="dne" item="11025"/>
		<borderitem edge="dsw" item="11026"/>
		<borderitem edge="dse" item="11027"/>
	</border>
	<border id="145"> <!-- mud sand brown border (unused) -->
		<borderitem edge="n"   item="11153"/>
		<borderitem edge="e"   item="11078"/>
		<borderitem edge="s"   item="11079"/>
		<borderitem edge="w"   item="11080"/>
		<borderitem edge="cnw" item="11084"/>
		<borderitem edge="cne" item="11081"/>
		<borderitem edge="csw" item="11083"/>
		<borderitem edge="cse" item="11082"/>
		<borderitem edge="dnw" item="11088"/>
		<borderitem edge="dne" item="11085"/>
		<borderitem edge="dsw" item="11087"/>
		<borderitem edge="dse" item="11086"/>
	</border>

	<border id="146"> <!-- light dirt border -->
		<borderitem edge="n"   item="11177"/>
		<borderitem edge="e"   item="11179"/>
		<borderitem edge="s"   item="11178"/>
		<borderitem edge="w"   item="11180"/>
		<borderitem edge="cnw" item="11184"/>
		<borderitem edge="cne" item="11183"/>
		<borderitem edge="csw" item="11182"/>
		<borderitem edge="cse" item="11181"/>
		<borderitem edge="dnw" item="11187"/>
		<borderitem edge="dne" item="11188"/>
		<borderitem edge="dsw" item="11186"/>
		<borderitem edge="dse" item="11185"/>
	</border>

	<border id="147"> <!-- cake tile border -->
		<borderitem edge="n"   item="13084"/>
		<borderitem edge="e"   item="13085"/>
		<borderitem edge="s"   item="13083"/>
		<borderitem edge="w"   item="13086"/>
		<borderitem edge="cnw" item="13095"/>
		<borderitem edge="cne" item="13097"/>
		<borderitem edge="csw" item="13093"/>
		<borderitem edge="cse" item="13091"/>
		<borderitem edge="dnw" item="13089"/>
		<borderitem edge="dne" item="13090"/>
		<borderitem edge="dsw" item="13088"/>
		<borderitem edge="dse" item="13087"/>
	</border>

	<border id="148"> <!-- venore swamp border -->
		<borderitem edge="n"   item="18594"/>
		<borderitem edge="e"   item="18595"/>
		<borderitem edge="s"   item="18593"/>
		<borderitem edge="w"   item="18596"/>
		<borderitem edge="cnw" item="18603"/>
		<borderitem edge="cne" item="18604"/>
		<borderitem edge="csw" item="18602"/>
		<borderitem edge="cse" item="18601"/>
		<borderitem edge="dnw" item="18599"/>
		<borderitem edge="dne" item="18600"/>
		<borderitem edge="dsw" item="18598"/>
		<borderitem edge="dse" item="18597"/>
	</border>

	<border id="149"> <!-- muddy floor border -->
		<borderitem edge="n"   item="11775"/>
		<borderitem edge="e"   item="11778"/>
		<borderitem edge="s"   item="11777"/>
		<borderitem edge="w"   item="11776"/>
		<borderitem edge="cnw" item="11785"/>
		<borderitem edge="cne" item="11786"/>
		<borderitem edge="csw" item="11788"/>
		<borderitem edge="cse" item="11787"/>
		<borderitem edge="dnw" item="11789"/>
		<borderitem edge="dne" item="11790"/>
		<borderitem edge="dsw" item="11792"/>
		<borderitem edge="dse" item="11791"/>
	</border>

	<border id="150"> <!-- venore muddy floor border -->
		<borderitem edge="n"   item="18568"/>
		<borderitem edge="e"   item="18571"/>
		<borderitem edge="s"   item="18570"/>
		<borderitem edge="w"   item="18569"/>
		<borderitem edge="cnw" item="18572"/>
		<borderitem edge="cne" item="18573"/>
		<borderitem edge="csw" item="18575"/>
		<borderitem edge="cse" item="18574"/>
		<borderitem edge="dnw" item="18576"/>
		<borderitem edge="dne" item="18577"/>
		<borderitem edge="dsw" item="18579"/>
		<borderitem edge="dse" item="18578"/>
	</border>

	<border id="151"> <!-- darkest mud border -->
		<borderitem edge="n"   item="11522"/>
		<borderitem edge="e"   item="11523"/>
		<borderitem edge="s"   item="11524"/>
		<borderitem edge="w"   item="11525"/>
		<borderitem edge="cnw" item="11526"/>
		<borderitem edge="cne" item="11527"/>
		<borderitem edge="csw" item="11528"/>
		<borderitem edge="cse" item="11529"/>
		<borderitem edge="dnw" item="11530"/>
		<borderitem edge="dne" item="11531"/>
		<borderitem edge="dsw" item="11532"/>
		<borderitem edge="dse" item="11533"/>
	</border>

	<border id="152"> <!-- purple mud border -->
		<borderitem edge="n"   item="11741"/>
		<borderitem edge="e"   item="11742"/>
		<borderitem edge="s"   item="11743"/>
		<borderitem edge="w"   item="11744"/>
		<borderitem edge="cnw" item="11745"/>
		<borderitem edge="cne" item="11746"/>
		<borderitem edge="csw" item="11747"/>
		<borderitem edge="cse" item="11748"/>
		<borderitem edge="dnw" item="11749"/>
		<borderitem edge="dne" item="11750"/>
		<borderitem edge="dsw" item="11751"/>
		<borderitem edge="dse" item="11752"/>
	</border>

	<border id="154"> <!-- mysterious border -->
		<borderitem edge="n"   item="11478"/>
		<borderitem edge="e"   item="11479"/>
		<borderitem edge="s"   item="11480"/>
		<borderitem edge="w"   item="11481"/>
		<borderitem edge="cnw" item="11482"/>
		<borderitem edge="cne" item="11483"/>
		<borderitem edge="csw" item="11484"/>
		<borderitem edge="cse" item="11485"/>
		<borderitem edge="dnw" item="11486"/>
		<borderitem edge="dne" item="11487"/>
		<borderitem edge="dsw" item="11488"/>
		<borderitem edge="dse" item="11489"/>
	</border>

	<border id="155"> <!-- dark spikes border -->
		<borderitem edge="n"   item="12255"/>
		<borderitem edge="e"   item="12256"/>
		<borderitem edge="s"   item="12254"/>
		<borderitem edge="w"   item="12257"/>
		<borderitem edge="cnw" item="12264"/>
		<borderitem edge="cne" item="12265"/>
		<borderitem edge="csw" item="12263"/>
		<borderitem edge="cse" item="12262"/>
		<borderitem edge="dnw" item="12260"/>
		<borderitem edge="dne" item="12261"/>
		<borderitem edge="dsw" item="12259"/>
		<borderitem edge="dse" item="12258"/>
	</border>

	<border id="156"> <!-- red spikes border -->
		<borderitem edge="n"   item="12243"/>
		<borderitem edge="e"   item="12244"/>
		<borderitem edge="s"   item="12242"/>
		<borderitem edge="w"   item="12245"/>
		<borderitem edge="cnw" item="12252"/>
		<borderitem edge="cne" item="12253"/>
		<borderitem edge="csw" item="12251"/>
		<borderitem edge="cse" item="12250"/>
		<borderitem edge="dnw" item="12248"/>
		<borderitem edge="dne" item="12249"/>
		<borderitem edge="dsw" item="12247"/>
		<borderitem edge="dse" item="12246"/>
	</border>

	<border id="157"> <!-- slime fungus border -->
		<borderitem edge="n"   item="13609"/>
		<borderitem edge="e"   item="13608"/>
		<borderitem edge="s"   item="13607"/>
		<borderitem edge="w"   item="13610"/>
		<borderitem edge="cnw" item="13617"/>
		<borderitem edge="cne" item="13618"/>
		<borderitem edge="csw" item="13616"/>
		<borderitem edge="cse" item="13615"/>
		<borderitem edge="dnw" item="13612"/>
		<borderitem edge="dne" item="13611"/>
		<borderitem edge="dsw" item="13614"/>
		<borderitem edge="dse" item="13613"/>
	</border>

	<border id="158"> <!-- rocky floor border -->
		<borderitem edge="n"   item="13621"/>
		<borderitem edge="e"   item="13622"/>
		<borderitem edge="s"   item="13620"/>
		<borderitem edge="w"   item="13623"/>
		<borderitem edge="cnw" item="13630"/>
		<borderitem edge="cne" item="13631"/>
		<borderitem edge="csw" item="13629"/>
		<borderitem edge="cse" item="13628"/>
		<borderitem edge="dnw" item="13626"/>
		<borderitem edge="dne" item="13627"/>
		<borderitem edge="dsw" item="13625"/>
		<borderitem edge="dse" item="13624"/>
	</border>

	<border id="159"> <!-- blue sea floor border -->
		<borderitem edge="n"   item="15013"/>
		<borderitem edge="e"   item="15014"/>
		<borderitem edge="s"   item="15012"/>
		<borderitem edge="w"   item="15015"/>
		<borderitem edge="cnw" item="15022"/>
		<borderitem edge="cne" item="15023"/>
		<borderitem edge="csw" item="15021"/>
		<borderitem edge="cse" item="15020"/>
		<borderitem edge="dnw" item="15018"/>
		<borderitem edge="dne" item="15019"/>
		<borderitem edge="dsw" item="15017"/>
		<borderitem edge="dse" item="15016"/>
	</border>

	<border id="160"> <!-- brown/green sea floor border -->
		<borderitem edge="n"   item="15239"/>
		<borderitem edge="e"   item="15240"/>
		<borderitem edge="s"   item="15238"/>
		<borderitem edge="w"   item="15241"/>
		<borderitem edge="cnw" item="15248"/>
		<borderitem edge="cne" item="15249"/>
		<borderitem edge="csw" item="15247"/>
		<borderitem edge="cse" item="15246"/>
		<borderitem edge="dnw" item="15244"/>
		<borderitem edge="dne" item="15245"/>
		<borderitem edge="dsw" item="15243"/>
		<borderitem edge="dse" item="15242"/>
	</border>

	<border id="161"> <!-- crystal floor border -->
		<borderitem edge="n"   item="17445"/>
		<borderitem edge="e"   item="17446"/>
		<borderitem edge="s"   item="17444"/>
		<borderitem edge="w"   item="17447"/>
		<borderitem edge="cnw" item="17454"/>
		<borderitem edge="cne" item="17455"/>
		<borderitem edge="csw" item="17453"/>
		<borderitem edge="cse" item="17452"/>
		<borderitem edge="dnw" item="17450"/>
		<borderitem edge="dne" item="17451"/>
		<borderitem edge="dsw" item="17449"/>
		<borderitem edge="dse" item="17448"/>
	</border>
	<border id="162"> <!-- crystal floor depth border -->
		<borderitem edge="n"   item="17457"/>
		<borderitem edge="e"   item="17458"/>
		<borderitem edge="s"   item="17456"/>
		<borderitem edge="w"   item="17459"/>
		<borderitem edge="cnw" item="17466"/>
		<borderitem edge="cne" item="17467"/>
		<borderitem edge="csw" item="17465"/>
		<borderitem edge="cse" item="17464"/>
		<borderitem edge="dnw" item="17462"/>
		<borderitem edge="dne" item="17463"/>
		<borderitem edge="dsw" item="17461"/>
		<borderitem edge="dse" item="17460"/>
	</border>

	<border id="163"> <!-- basalt border -->
		<borderitem edge="n"   item="17630"/>
		<borderitem edge="e"   item="17631"/>
		<borderitem edge="s"   item="17629"/>
		<borderitem edge="w"   item="17632"/>
		<borderitem edge="cnw" item="17639"/>
		<borderitem edge="cne" item="17640"/>
		<borderitem edge="csw" item="17638"/>
		<borderitem edge="cse" item="17637"/>
		<borderitem edge="dnw" item="17635"/>
		<borderitem edge="dne" item="17636"/>
		<borderitem edge="dsw" item="17634"/>
		<borderitem edge="dse" item="17633"/>
	</border>

	<border id="164"> <!-- mold border -->
		<borderitem edge="n"   item="17654"/>
		<borderitem edge="e"   item="17655"/>
		<borderitem edge="s"   item="17653"/>
		<borderitem edge="w"   item="17656"/>
		<borderitem edge="cnw" item="17663"/>
		<borderitem edge="cne" item="17664"/>
		<borderitem edge="csw" item="17662"/>
		<borderitem edge="cse" item="17661"/>
		<borderitem edge="dnw" item="17659"/>
		<borderitem edge="dne" item="17660"/>
		<borderitem edge="dsw" item="17658"/>
		<borderitem edge="dse" item="17657"/>
	</border>

	<border id="165"> <!-- mushroom sponge border -->
		<borderitem edge="n"   item="18106"/>
		<borderitem edge="e"   item="18107"/>
		<borderitem edge="s"   item="18105"/>
		<borderitem edge="w"   item="18108"/>
		<borderitem edge="cnw" item="18115"/>
		<borderitem edge="cne" item="18116"/>
		<borderitem edge="csw" item="18114"/>
		<borderitem edge="cse" item="18113"/>
		<borderitem edge="dnw" item="18111"/>
		<borderitem edge="dne" item="18112"/>
		<borderitem edge="dsw" item="18110"/>
		<borderitem edge="dse" item="18109"/>
	</border>

	<border id="166"> <!-- salt floor border -->
		<borderitem edge="n"   item="18172"/>
		<borderitem edge="e"   item="18174"/>
		<borderitem edge="s"   item="18173"/>
		<borderitem edge="w"   item="18175"/>
		<borderitem edge="cnw" item="18178"/>
		<borderitem edge="cne" item="18179"/>
		<borderitem edge="csw" item="18177"/>
		<borderitem edge="cse" item="18176"/>
		<borderitem edge="dnw" item="18182"/>
		<borderitem edge="dne" item="18183"/>
		<borderitem edge="dsw" item="18181"/>
		<borderitem edge="dse" item="18180"/>
	</border>

	<border id="167"> <!-- cookie border -->
		<borderitem edge="n"   item="18184"/>
		<borderitem edge="e"   item="18186"/>
		<borderitem edge="s"   item="18185"/>
		<borderitem edge="w"   item="18187"/>
		<borderitem edge="cnw" item="18190"/>
		<borderitem edge="cne" item="18191"/>
		<borderitem edge="csw" item="18189"/>
		<borderitem edge="cse" item="18188"/>
		<borderitem edge="dnw" item="18194"/>
		<borderitem edge="dne" item="18195"/>
		<borderitem edge="dsw" item="18193"/>
		<borderitem edge="dse" item="18192"/>
	</border>

	<border id="168"> <!-- branches border -->
		<borderitem edge="n"   item="20787"/>
		<borderitem edge="e"   item="21131"/>
		<borderitem edge="s"   item="20797"/>
		<borderitem edge="w"   item="20788"/>
		<borderitem edge="cnw" item="20789"/>
		<borderitem edge="cne" item="20790"/>
		<borderitem edge="csw" item="20791"/>
		<borderitem edge="cse" item="20792"/>
		<borderitem edge="dnw" item="20793"/>
		<borderitem edge="dne" item="20794"/>
		<borderitem edge="dsw" item="20795"/>
		<borderitem edge="dse" item="20796"/>
	</border>

	<border id="169"> <!-- grey floor (unknown4) border -->
		<borderitem edge="n"   item="22195"/>
		<borderitem edge="e"   item="22198"/>
		<borderitem edge="s"   item="22196"/>
		<borderitem edge="w"   item="22197"/>
		<borderitem edge="cnw" item="22201"/>
		<borderitem edge="cne" item="22202"/>
		<borderitem edge="csw" item="22200"/>
		<borderitem edge="cse" item="22199"/>
		<borderitem edge="dnw" item="22204"/>
		<borderitem edge="dne" item="22203"/>
		<borderitem edge="dsw" item="22206"/>
		<borderitem edge="dse" item="22205"/>
	</border>

	<border id="170"> <!-- serpent seacrest ground border -->
		<borderitem edge="n"   item="23955"/>
		<borderitem edge="e"   item="23957"/>
		<borderitem edge="s"   item="23956"/>
		<borderitem edge="w"   item="23958"/>
		<borderitem edge="cnw" item="23965"/>
		<borderitem edge="cne" item="23966"/>
		<borderitem edge="csw" item="23964"/>
		<borderitem edge="cse" item="23963"/>
		<borderitem edge="dnw" item="23962"/>
		<borderitem edge="dne" item="23961"/>
		<borderitem edge="dsw" item="23960"/>
		<borderitem edge="dse" item="23959"/>
	</border>

	<border id="171"> <!-- muddy water border -->
		<borderitem edge="n"   item="11451"/>
		<borderitem edge="e"   item="11454"/>
		<borderitem edge="s"   item="11452"/>
		<borderitem edge="w"   item="11453"/>
		<borderitem edge="cnw" item="11458"/>
		<borderitem edge="cne" item="11457"/>
		<borderitem edge="csw" item="11456"/>
		<borderitem edge="cse" item="11455"/>
		<borderitem edge="dnw" item="11461"/>
		<borderitem edge="dne" item="11462"/>
		<borderitem edge="dsw" item="11459"/>
		<borderitem edge="dse" item="11460"/>
	</border>

	<border id="172"> <!-- acid border -->
		<borderitem edge="n"   item="11551"/>
		<borderitem edge="e"   item="11550"/>
		<borderitem edge="s"   item="11549"/>
		<borderitem edge="w"   item="11552"/>
		<borderitem edge="cnw" item="11559"/>
		<borderitem edge="cne" item="11560"/>
		<borderitem edge="csw" item="11558"/>
		<borderitem edge="cse" item="11557"/>
		<borderitem edge="dnw" item="11554"/>
		<borderitem edge="dne" item="11553"/>
		<borderitem edge="dsw" item="11556"/>
		<borderitem edge="dse" item="11555"/>
	</border>

	<border id="173"> <!-- dirty water border -->
		<borderitem edge="n"   item="13740"/>
		<borderitem edge="e"   item="13741"/>
		<borderitem edge="s"   item="13742"/>
		<borderitem edge="w"   item="13743"/>
		<borderitem edge="cnw" item="13748"/>
		<borderitem edge="cne" item="13749"/>
		<borderitem edge="csw" item="13750"/>
		<borderitem edge="cse" item="13751"/>
		<borderitem edge="dnw" item="13744"/>
		<borderitem edge="dne" item="13745"/>
		<borderitem edge="dsw" item="13746"/>
		<borderitem edge="dse" item="13747"/>
	</border>

	<border id="174"> <!-- shallow water border -->
		<borderitem edge="n"   item="11031"/>
		<borderitem edge="e"   item="11034"/>
		<borderitem edge="s"   item="11032"/>
		<borderitem edge="w"   item="11033"/>
		<borderitem edge="cnw" item="11038"/>
		<borderitem edge="cne" item="11037"/>
		<borderitem edge="csw" item="11036"/>
		<borderitem edge="cse" item="11035"/>
		<borderitem edge="dnw" item="11041"/>
		<borderitem edge="dne" item="11042"/>
		<borderitem edge="dsw" item="11039"/>
		<borderitem edge="dse" item="11040"/>
	</border>

	<border id="175"> <!-- small brook water border -->
		<borderitem edge="n"   item="21159"/>
		<borderitem edge="e"   item="21162"/>
		<borderitem edge="s"   item="21160"/>
		<borderitem edge="w"   item="21161"/>
		<borderitem edge="cnw" item="21166"/>
		<borderitem edge="cne" item="21165"/>
		<borderitem edge="csw" item="21164"/>
		<borderitem edge="cse" item="21163"/>
		<borderitem edge="dnw" item="21169"/>
		<borderitem edge="dne" item="21170"/>
		<borderitem edge="dsw" item="21167"/>
		<borderitem edge="dse" item="21168"/>
	</border>

	<border id="176"> <!-- crystal dirt border -->
		<borderitem edge="n"   item="21950"/>
		<borderitem edge="e"   item="21953"/>
		<borderitem edge="s"   item="21951"/>
		<borderitem edge="w"   item="21952"/>
		<borderitem edge="cnw" item="21956"/>
		<borderitem edge="cne" item="21957"/>
		<borderitem edge="csw" item="21955"/>
		<borderitem edge="cse" item="21954"/>
		<borderitem edge="dnw" item="21959"/>
		<borderitem edge="dne" item="21958"/>
		<borderitem edge="dsw" item="21961"/>
		<borderitem edge="dse" item="21960"/>
	</border>

	<border id="177"> <!-- coubblestone border -->
		<borderitem edge="n"   item="19750"/>
		<borderitem edge="e"   item="19751"/>
		<borderitem edge="s"   item="19749"/>
		<borderitem edge="w"   item="19752"/>
		<borderitem edge="cnw" item="19759"/>
		<borderitem edge="cne" item="19760"/>
		<borderitem edge="csw" item="19758"/>
		<borderitem edge="cse" item="19757"/>
		<borderitem edge="dnw" item="19755"/>
		<borderitem edge="dne" item="19756"/>
		<borderitem edge="dsw" item="19754"/>
		<borderitem edge="dse" item="19753"/>
	</border>

	<border id="178"> <!-- oramond pavement border -->
		<borderitem edge="n"   item="22752"/>
		<borderitem edge="e"   item="22753"/>
		<borderitem edge="s"   item="22751"/>
		<borderitem edge="w"   item="22754"/>
		<borderitem edge="cnw" item="22761"/>
		<borderitem edge="cne" item="22762"/>
		<borderitem edge="csw" item="22760"/>
		<borderitem edge="cse" item="22759"/>
		<borderitem edge="dnw" item="22757"/>
		<borderitem edge="dne" item="22758"/>
		<borderitem edge="dsw" item="22756"/>
		<borderitem edge="dse" item="22755"/>
	</border>
	<border id="179"> <!-- oramond border -->
		<borderitem edge="n"   item="23132"/>
		<borderitem edge="e"   item="23133"/>
		<borderitem edge="s"   item="23131"/>
		<borderitem edge="w"   item="23134"/>
		<borderitem edge="cnw" item="23141"/>
		<borderitem edge="cne" item="23142"/>
		<borderitem edge="csw" item="23140"/>
		<borderitem edge="cse" item="23139"/>
		<borderitem edge="dnw" item="23137"/>
		<borderitem edge="dne" item="23138"/>
		<borderitem edge="dsw" item="23136"/>
		<borderitem edge="dse" item="23135"/>
	</border>

	<border id="180"> <!-- oramond other pavement border -->
		<borderitem edge="n"   item="22918"/>
		<borderitem edge="e"   item="22919"/>
		<borderitem edge="s"   item="22917"/>
		<borderitem edge="w"   item="22920"/>
		<borderitem edge="cnw" item="22927"/>
		<borderitem edge="cne" item="22928"/>
		<borderitem edge="csw" item="22926"/>
		<borderitem edge="cse" item="22925"/>
		<borderitem edge="dnw" item="22923"/>
		<borderitem edge="dne" item="22924"/>
		<borderitem edge="dsw" item="22922"/>
		<borderitem edge="dse" item="22921"/>
	</border>

	<border id="181"> <!-- venore cobblestone border -->
		<borderitem edge="n"   item="19762"/>
		<borderitem edge="e"   item="19763"/>
		<borderitem edge="s"   item="19761"/>
		<borderitem edge="w"   item="19764"/>
		<borderitem edge="cnw" item="19771"/>
		<borderitem edge="cne" item="19772"/>
		<borderitem edge="csw" item="19770"/>
		<borderitem edge="cse" item="19769"/>
		<borderitem edge="dnw" item="19767"/>
		<borderitem edge="dne" item="19768"/>
		<borderitem edge="dsw" item="19766"/>
		<borderitem edge="dse" item="19765"/>
	</border>

	<border id="182"> <!-- venore plaster border -->
		<borderitem edge="n"   item="19774"/>
		<borderitem edge="e"   item="19775"/>
		<borderitem edge="s"   item="19773"/>
		<borderitem edge="w"   item="19776"/>
		<borderitem edge="cnw" item="19783"/>
		<borderitem edge="cne" item="19784"/>
		<borderitem edge="csw" item="19782"/>
		<borderitem edge="cse" item="19781"/>
		<borderitem edge="dnw" item="19779"/>
		<borderitem edge="dne" item="19780"/>
		<borderitem edge="dsw" item="19778"/>
		<borderitem edge="dse" item="19777"/>
	</border>

	<border id="183"> <!-- terracotta border -->
		<borderitem edge="n"   item="19829"/>
		<borderitem edge="e"   item="19830"/>
		<borderitem edge="s"   item="19828"/>
		<borderitem edge="w"   item="19831"/>
		<borderitem edge="cnw" item="19838"/>
		<borderitem edge="cne" item="19839"/>
		<borderitem edge="csw" item="19837"/>
		<borderitem edge="cse" item="19836"/>
		<borderitem edge="dnw" item="19834"/>
		<borderitem edge="dne" item="19835"/>
		<borderitem edge="dsw" item="19833"/>
		<borderitem edge="dse" item="19832"/>
	</border>

	<border id="184"> <!-- roshamuul border -->
		<borderitem edge="n"   item="22183"/>
		<borderitem edge="e"   item="22186"/>
		<borderitem edge="s"   item="22184"/>
		<borderitem edge="w"   item="22185"/>
		<borderitem edge="cnw" item="22189"/>
		<borderitem edge="cne" item="22190"/>
		<borderitem edge="csw" item="22188"/>
		<borderitem edge="cse" item="22187"/>
		<borderitem edge="dnw" item="22192"/>
		<borderitem edge="dne" item="22191"/>
		<borderitem edge="dsw" item="22194"/>
		<borderitem edge="dse" item="22193"/>
	</border>

	<border id="185"> <!-- unknown1 border -->
		<borderitem edge="n"   item="22207"/>
		<borderitem edge="e"   item="22210"/>
		<borderitem edge="s"   item="22208"/>
		<borderitem edge="w"   item="22209"/>
		<borderitem edge="cnw" item="22213"/>
		<borderitem edge="cne" item="22214"/>
		<borderitem edge="csw" item="22212"/>
		<borderitem edge="cse" item="22211"/>
		<borderitem edge="dnw" item="22216"/>
		<borderitem edge="dne" item="22215"/>
		<borderitem edge="dsw" item="22218"/>
		<borderitem edge="dse" item="22217"/>
	</border>

	<border id="186"> <!-- darkest wooden floor border -->
		<borderitem edge="n"   item="9570"/>
		<borderitem edge="s"   item="9569"/>
	</border>

	<border id="187"> <!-- light wooden floor border -->
		<borderitem edge="n"   item="18119"/>
		<borderitem edge="e"   item="18120"/>
		<borderitem edge="s"   item="18118"/>
		<borderitem edge="w"   item="18121"/>
		<borderitem edge="cnw" item="18128"/>
		<borderitem edge="cne" item="18129"/>
		<borderitem edge="csw" item="18127"/>
		<borderitem edge="cse" item="18126"/>
		<borderitem edge="dnw" item="18134"/>
		<borderitem edge="dne" item="18133"/>
		<borderitem edge="dsw" item="18136"/>
		<borderitem edge="dse" item="18135"/>
	</border>

	<border id="188"> <!-- timber floor border -->
		<borderitem edge="n"   item="12740"/>
		<borderitem edge="e"   item="12741"/>
		<borderitem edge="s"   item="12739"/>
		<borderitem edge="w"   item="12742"/>
		<borderitem edge="cnw" item="12749"/>
		<borderitem edge="cne" item="12750"/>
		<borderitem edge="csw" item="12748"/>
		<borderitem edge="cse" item="12747"/>
		<borderitem edge="dnw" item="12745"/>
		<borderitem edge="dne" item="12746"/>
		<borderitem edge="dsw" item="12744"/>
		<borderitem edge="dse" item="12743"/>
	</border>

	<border id="189"> <!-- grimy wooden plank horizontal border -->
		<borderitem edge="n"   item="18908"/>
		<borderitem edge="e"   item="18902"/>
		<borderitem edge="s"   item="18904"/>
		<borderitem edge="w"   item="18906"/>
		<borderitem edge="cnw" item="18907"/>
		<borderitem edge="cne" item="18909"/>
		<borderitem edge="csw" item="18905"/>
		<borderitem edge="cse" item="18903"/>
	</border>
	<border id="190"> <!-- grimy wooden plank vertical border -->
		<borderitem edge="n"   item="18916"/>
		<borderitem edge="e"   item="18910"/>
		<borderitem edge="s"   item="18912"/>
		<borderitem edge="w"   item="18914"/>
		<borderitem edge="cnw" item="18915"/>
		<borderitem edge="cne" item="18917"/>
		<borderitem edge="csw" item="18913"/>
		<borderitem edge="cse" item="18911"/>
	</border>

	<border id="191"> <!-- pink wooden plank border -->
		<borderitem edge="n"   item="18877"/>
		<borderitem edge="e"   item="18880"/>
		<borderitem edge="s"   item="18859"/>
		<borderitem edge="w"   item="18876"/>
		<borderitem edge="cnw" item="18878"/>
		<borderitem edge="cne" item="18879"/>
		<borderitem edge="csw" item="18875"/>
		<borderitem edge="cse" item="18860"/>
	</border>

	<border id="192"> <!-- yellow pavement border -->
		<borderitem edge="n"   item="10418"/>
		<borderitem edge="e"   item="10419"/>
		<borderitem edge="s"   item="10417"/>
		<borderitem edge="w"   item="10420"/>
		<borderitem edge="cnw" item="10427"/>
		<borderitem edge="cne" item="10428"/>
		<borderitem edge="csw" item="10426"/>
		<borderitem edge="cse" item="10425"/>
		<borderitem edge="dnw" item="10423"/>
		<borderitem edge="dne" item="10424"/>
		<borderitem edge="dsw" item="10422"/>
		<borderitem edge="dse" item="10421"/>
	</border>

	<border id="193"> <!-- dark pavement border -->
		<borderitem edge="n"   item="11465"/>
		<borderitem edge="e"   item="11466"/>
		<borderitem edge="s"   item="11464"/>
		<borderitem edge="w"   item="11467"/>
		<borderitem edge="cnw" item="11474"/>
		<borderitem edge="cne" item="11475"/>
		<borderitem edge="csw" item="11473"/>
		<borderitem edge="cse" item="11472"/>
		<borderitem edge="dnw" item="11470"/>
		<borderitem edge="dne" item="11471"/>
		<borderitem edge="dsw" item="11469"/>
		<borderitem edge="dse" item="11468"/>
	</border>

	<border id="194"> <!-- serpent ground border -->
		<borderitem edge="n"   item="10858"/>
		<borderitem edge="e"   item="10859"/>
		<borderitem edge="s"   item="10857"/>
		<borderitem edge="w"   item="10860"/>
		<borderitem edge="cnw" item="10867"/>
		<borderitem edge="cne" item="10868"/>
		<borderitem edge="csw" item="10866"/>
		<borderitem edge="cse" item="10865"/>
		<borderitem edge="dnw" item="10863"/>
		<borderitem edge="dne" item="10864"/>
		<borderitem edge="dsw" item="10862"/>
		<borderitem edge="dse" item="10861"/>
	</border>

	<border id="195"> <!-- ice stone floor border -->
		<borderitem edge="n"   item="18345"/>
		<borderitem edge="e"   item="18347"/>
		<borderitem edge="s"   item="18346"/>
		<borderitem edge="w"   item="18348"/>
		<borderitem edge="cnw" item="18351"/>
		<borderitem edge="cne" item="18352"/>
		<borderitem edge="csw" item="18350"/>
		<borderitem edge="cse" item="18349"/>
		<borderitem edge="dnw" item="18355"/>
		<borderitem edge="dne" item="18356"/>
		<borderitem edge="dsw" item="18354"/>
		<borderitem edge="dse" item="18353"/>
	</border>

	<border id="196"> <!-- hive structure -->
		<borderitem edge="n"   item="14537"/>
		<borderitem edge="e"   item="14540"/>
		<borderitem edge="s"   item="14539"/>
		<borderitem edge="w"   item="14538"/>
		<borderitem edge="cnw" item="14541"/>
		<borderitem edge="cne" item="14542"/>
		<borderitem edge="csw" item="14544"/>
		<borderitem edge="cse" item="14543"/>
		<borderitem edge="dnw" item="14545"/>
		<borderitem edge="dne" item="14546"/>
		<borderitem edge="dsw" item="14548"/>
		<borderitem edge="dse" item="14547"/>
	</border>

	<border id="197"> <!-- red hive structure -->
		<borderitem edge="n"   item="14553"/>
		<borderitem edge="e"   item="14558"/>
		<borderitem edge="s"   item="14557"/>
		<borderitem edge="w"   item="14554"/>
		<borderitem edge="cnw" item="14559"/>
		<borderitem edge="cne" item="14560"/>
		<borderitem edge="csw" item="14562"/>
		<borderitem edge="cse" item="14561"/>
		<borderitem edge="dnw" item="14563"/>
		<borderitem edge="dne" item="14564"/>
		<borderitem edge="dsw" item="14566"/>
		<borderitem edge="dse" item="14565"/>
	</border>

	<border id="198"> <!-- dark hive structure -->
		<borderitem edge="n"   item="14716"/>
		<borderitem edge="e"   item="14719"/>
		<borderitem edge="s"   item="14718"/>
		<borderitem edge="w"   item="14717"/>
		<borderitem edge="cnw" item="14720"/>
		<borderitem edge="cne" item="14721"/>
		<borderitem edge="csw" item="14723"/>
		<borderitem edge="cse" item="14722"/>
		<borderitem edge="dnw" item="14724"/>
		<borderitem edge="dne" item="14725"/>
		<borderitem edge="dsw" item="14727"/>
		<borderitem edge="dse" item="14726"/>
	</border>

	<border id="199"> <!-- colourful honeycomb -->
		<borderitem edge="n"   item="15367"/>
		<borderitem edge="e"   item="15370"/>
		<borderitem edge="s"   item="15361"/>
		<borderitem edge="w"   item="15364"/>
		<borderitem edge="cnw" item="15365"/>
		<borderitem edge="cne" item="15368"/>
		<borderitem edge="csw" item="15362"/>
		<borderitem edge="cse" item="15360"/>
		<borderitem edge="dnw" item="15366"/>
		<borderitem edge="dne" item="15369"/>
		<borderitem edge="dsw" item="15363"/>
		<borderitem edge="dse" item="15371"/>
	</border>

	<border id="200"> <!-- bland honeycomb -->
		<borderitem edge="n"   item="15379"/>
		<borderitem edge="e"   item="15382"/>
		<borderitem edge="s"   item="15373"/>
		<borderitem edge="w"   item="15376"/>
		<borderitem edge="cnw" item="15377"/>
		<borderitem edge="cne" item="15380"/>
		<borderitem edge="csw" item="15374"/>
		<borderitem edge="cse" item="15372"/>
		<borderitem edge="dnw" item="15378"/>
		<borderitem edge="dne" item="15381"/>
		<borderitem edge="dsw" item="15375"/>
		<borderitem edge="dse" item="15383"/>
	</border>

	<border id="201"> <!-- ocean floor -->
		<borderitem edge="n"   item="5427"/>
		<borderitem edge="e"   item="5429"/>
		<borderitem edge="s"   item="5428"/>
		<borderitem edge="w"   item="5430"/>
		<borderitem edge="cnw" item="5437"/>
		<borderitem edge="cne" item="5438"/>
		<borderitem edge="csw" item="5436"/>
		<borderitem edge="cse" item="5435"/>
		<borderitem edge="dnw" item="5434"/>
		<borderitem edge="dne" item="5433"/>
		<borderitem edge="dsw" item="5432"/>
		<borderitem edge="dse" item="5431"/>
	</border>

	<border id="202"> <!-- krailos grass -->
		<borderitem edge="n"   item="25018"/>
		<borderitem edge="e"   item="25029"/>
		<borderitem edge="s"   item="25028"/>
		<borderitem edge="w"   item="25019"/>
		<borderitem edge="cnw" item="25020"/>
		<borderitem edge="cne" item="25021"/>
		<borderitem edge="csw" item="25022"/>
		<borderitem edge="cse" item="25023"/>
		<borderitem edge="dnw" item="25024"/>
		<borderitem edge="dne" item="25025"/>
		<borderitem edge="dsw" item="25026"/>
		<borderitem edge="dse" item="25027"/>
	</border>

	<border id="203"> <!-- krailos dirt -->
		<borderitem edge="n"   item="25042"/>
		<borderitem edge="e"   item="25053"/>
		<borderitem edge="s"   item="25052"/>
		<borderitem edge="w"   item="25043"/>
		<borderitem edge="cnw" item="25044"/>
		<borderitem edge="cne" item="25045"/>
		<borderitem edge="csw" item="25046"/>
		<borderitem edge="cse" item="25047"/>
		<borderitem edge="dnw" item="25048"/>
		<borderitem edge="dne" item="25049"/>
		<borderitem edge="dsw" item="25050"/>
		<borderitem edge="dse" item="25051"/>
	</border>

	<border id="204"> <!-- dark scaled ground -->
		<borderitem edge="n"   item="25716"/>
		<borderitem edge="e"   item="25719"/>
		<borderitem edge="s"   item="25713"/>
		<borderitem edge="w"   item="25722"/>
		<borderitem edge="cnw" item="25734"/>
		<borderitem edge="cne" item="25731"/>
		<borderitem edge="csw" item="25728"/>
		<borderitem edge="cse" item="25725"/>
		<borderitem edge="dnw" item="25746"/>
		<borderitem edge="dne" item="25743"/>
		<borderitem edge="dsw" item="25740"/>
		<borderitem edge="dse" item="25737"/>
	</border>

	<border id="205"> <!-- unknown7 -->
		<borderitem edge="n"   item="25756"/>
		<borderitem edge="e"   item="25757"/>
		<borderitem edge="s"   item="25755"/>
		<borderitem edge="w"   item="25758"/>
		<borderitem edge="cnw" item="25762"/>
		<borderitem edge="cne" item="25761"/>
		<borderitem edge="csw" item="25760"/>
		<borderitem edge="cse" item="25759"/>
		<borderitem edge="dnw" item="25766"/>
		<borderitem edge="dne" item="25765"/>
		<borderitem edge="dsw" item="25764"/>
		<borderitem edge="dse" item="25763"/>
	</border>

	<border id="206"> <!-- krailos orange -->
		<borderitem edge="n"   item="25078"/>
		<borderitem edge="e"   item="25079"/>
		<borderitem edge="s"   item="25080"/>
		<borderitem edge="w"   item="25081"/>
		<borderitem edge="cnw" item="25082"/>
		<borderitem edge="cne" item="25083"/>
		<borderitem edge="csw" item="25084"/>
		<borderitem edge="cse" item="25085"/>
		<borderitem edge="dnw" item="25086"/>
		<borderitem edge="dne" item="25087"/>
		<borderitem edge="dsw" item="25088"/>
		<borderitem edge="dse" item="25089"/>
	</border>

	<border id="207"> <!-- krailos yellow -->
		<borderitem edge="n"   item="25102"/>
		<borderitem edge="e"   item="25103"/>
		<borderitem edge="s"   item="25104"/>
		<borderitem edge="w"   item="25105"/>
		<borderitem edge="cnw" item="25106"/>
		<borderitem edge="cne" item="25107"/>
		<borderitem edge="csw" item="25108"/>
		<borderitem edge="cse" item="25109"/>
		<borderitem edge="dnw" item="25110"/>
		<borderitem edge="dne" item="25111"/>
		<borderitem edge="dsw" item="25112"/>
		<borderitem edge="dse" item="25113"/>
	</border>

	<border id="208"> <!-- krailos purple -->
		<borderitem edge="n"   item="25090"/>
		<borderitem edge="e"   item="25091"/>
		<borderitem edge="s"   item="25092"/>
		<borderitem edge="w"   item="25093"/>
		<borderitem edge="cnw" item="25094"/>
		<borderitem edge="cne" item="25095"/>
		<borderitem edge="csw" item="25096"/>
		<borderitem edge="cse" item="25097"/>
		<borderitem edge="dnw" item="25098"/>
		<borderitem edge="dne" item="25099"/>
		<borderitem edge="dsw" item="25100"/>
		<borderitem edge="dse" item="25101"/>
	</border>

	<border id="209"> <!-- unknown5 -->
		<borderitem edge="n"   item="23334"/>
		<borderitem edge="e"   item="23331"/>
		<borderitem edge="s"   item="23333"/>
		<borderitem edge="w"   item="23332"/>
		<borderitem edge="dnw" item="23336"/>
		<borderitem edge="dne" item="23335"/>
		<borderitem edge="dsw" item="23337"/>
		<borderitem edge="dse" item="23338"/>
		<borderitem edge="cnw" item="23341"/>
		<borderitem edge="cne" item="23342"/>
		<borderitem edge="csw" item="23340"/>
		<borderitem edge="cse" item="23339"/>
	</border>

	<border id="210"> <!-- unknown6 pink acid -->
		<borderitem edge="n"   item="24150"/>
		<borderitem edge="e"   item="24147"/>
		<borderitem edge="s"   item="24149"/>
		<borderitem edge="w"   item="24148"/>
		<borderitem edge="cnw" item="24158"/>
		<borderitem edge="cne" item="24159"/>
		<borderitem edge="csw" item="24157"/>
		<borderitem edge="cse" item="24155"/>
		<borderitem edge="dnw" item="24152"/>
		<borderitem edge="dne" item="24151"/>
		<borderitem edge="dsw" item="24153"/>
		<borderitem edge="dse" item="24154"/>
	</border>

	<border id="211"> <!-- lava new border -->
		<borderitem edge="n"   item="15503"/>
		<borderitem edge="e"   item="15504"/>
		<borderitem edge="s"   item="15505"/>
		<borderitem edge="w"   item="15506"/>
		<borderitem edge="cnw" item="15509"/>
		<borderitem edge="cne" item="15510"/>
		<borderitem edge="csw" item="15508"/>
		<borderitem edge="cse" item="15507"/>
		<borderitem edge="dnw" item="15513"/>
		<borderitem edge="dne" item="15514"/>
		<borderitem edge="dsw" item="15512"/>
		<borderitem edge="dse" item="15511"/>
	</border>

	<border id="212"> <!-- scale roof -->
		<borderitem edge="n"   item="10889"/>
		<borderitem edge="e"   item="10891"/>
		<borderitem edge="s"   item="10886"/>
		<borderitem edge="w"   item="10892"/>
		<borderitem edge="cnw" item="10890"/>
		<borderitem edge="cne" item="10888"/>
		<borderitem edge="csw" item="10887"/>
		<borderitem edge="cse" item="10885"/>
		<borderitem edge="dnw" item="10896"/>
		<borderitem edge="dne" item="10895"/>
		<borderitem edge="dsw" item="10894"/>
		<borderitem edge="dse" item="10893"/>
	</border>

	<border id="213"> <!-- rocky wall bottoms -->
		<borderitem edge="n"      item="13674"/>
		<borderitem edge="w"      item="13473"/>
		<borderitem edge="cne"    item="13684"/>
		<borderitem edge="dnw"    item="13679"/>
	</border>

	<border id="214"> <!-- striped marquee red white (vertical) -->
		<borderitem edge="n"   item="5192"/>
		<borderitem edge="e"   item="5188"/>
		<borderitem edge="s"   item="5183"/>
		<borderitem edge="w"   item="5190"/>
		<borderitem edge="cnw" item="5193"/>
		<borderitem edge="cne" item="5191"/>
		<borderitem edge="csw" item="5184"/>
		<borderitem edge="cse" item="5182"/>
	</border>

	<border id="215"> <!-- striped marquee red white (horizontal) -->
		<borderitem edge="n"   item="5166"/>
		<borderitem edge="e"   item="5158"/>
		<borderitem edge="s"   item="5165"/>
		<borderitem edge="w"   item="5167"/>
		<borderitem edge="cnw" item="5163"/>
		<borderitem edge="cne" item="5164"/>
		<borderitem edge="csw" item="5162"/>
		<borderitem edge="cse" item="5161"/>
	</border>

	<border id="216"> <!-- striped marquee blue yellow (vertical) -->
		<borderitem edge="n"   item="5201"/>
		<borderitem edge="e"   item="5196"/>
		<borderitem edge="s"   item="5198"/>
		<borderitem edge="w"   item="5204"/>
		<borderitem edge="cnw" item="5205"/>
		<borderitem edge="cne" item="5197"/>
		<borderitem edge="csw" item="5202"/>
		<borderitem edge="cse" item="5194"/>
	</border>

	<border id="217"> <!-- striped marquee blue yellow (horizontal) -->
		<borderitem edge="n"   item="5175"/>
		<borderitem edge="e"   item="5171"/>
		<borderitem edge="s"   item="5173"/>
		<borderitem edge="w"   item="5180"/>
		<borderitem edge="cnw" item="5181"/>
		<borderitem edge="cne" item="5172"/>
		<borderitem edge="csw" item="5179"/>
		<borderitem edge="cse" item="5170"/>
	</border>

	<border id="218"> <!-- marquee green (vertical) -->
		<borderitem edge="n"   item="5225"/>
		<borderitem edge="e"   item="5220"/>
		<borderitem edge="s"   item="5222"/>
		<borderitem edge="w"   item="5228"/>
		<borderitem edge="cnw" item="5229"/>
		<borderitem edge="cne" item="5221"/>
		<borderitem edge="csw" item="5226"/>
		<borderitem edge="cse" item="5218"/>
	</border>

	<border id="219"> <!-- marquee green (horizontal) -->
		<borderitem edge="n"   item="5214"/>
		<borderitem edge="e"   item="5207"/>
		<borderitem edge="s"   item="5212"/>
		<borderitem edge="w"   item="5216"/>
		<borderitem edge="cnw" item="5217"/>
		<borderitem edge="cne" item="5208"/>
		<borderitem edge="csw" item="5215"/>
		<borderitem edge="cse" item="5206"/>
	</border>

	<border id="220"> <!-- marquee blue (vertical) -->
		<borderitem edge="n"   item="5249"/>
		<borderitem edge="e"   item="5244"/>
		<borderitem edge="s"   item="5246"/>
		<borderitem edge="w"   item="5252"/>
		<borderitem edge="cnw" item="5253"/>
		<borderitem edge="cne" item="5245"/>
		<borderitem edge="csw" item="5250"/>
		<borderitem edge="cse" item="5242"/>
	</border>

	<border id="221"> <!-- marquee blue (horizontal) -->
		<borderitem edge="n"   item="5238"/>
		<borderitem edge="e"   item="5231"/>
		<borderitem edge="s"   item="5236"/>
		<borderitem edge="w"   item="5240"/>
		<borderitem edge="cnw" item="5241"/>
		<borderitem edge="cne" item="5232"/>
		<borderitem edge="csw" item="5239"/>
		<borderitem edge="cse" item="5230"/>
	</border>

	<border id="222"> <!-- broken blue marble floor -->
		<borderitem edge="n"   item="12362"/>
		<borderitem edge="e"   item="12363"/>
		<borderitem edge="s"   item="12361"/>
		<borderitem edge="w"   item="12364"/>
		<borderitem edge="cnw" item="12371"/>
		<borderitem edge="cne" item="12372"/>
		<borderitem edge="csw" item="12370"/>
		<borderitem edge="cse" item="12369"/>
		<borderitem edge="dnw" item="12367"/>
		<borderitem edge="dne" item="12368"/>
		<borderitem edge="dsw" item="12366"/>
		<borderitem edge="dse" item="12365"/>
	</border>

	<border id="223"> <!-- broken deepling marble floor -->
		<borderitem edge="n"   item="14941"/>
		<borderitem edge="e"   item="14942"/>
		<borderitem edge="s"   item="14940"/>
		<borderitem edge="w"   item="14943"/>
		<borderitem edge="cnw" item="14950"/>
		<borderitem edge="cne" item="14951"/>
		<borderitem edge="csw" item="14949"/>
		<borderitem edge="cse" item="14948"/>
		<borderitem edge="dnw" item="14946"/>
		<borderitem edge="dne" item="14947"/>
		<borderitem edge="dsw" item="14945"/>
		<borderitem edge="dse" item="14944"/>
	</border>

	<border id="224"> <!-- orange zao carpet -->
		<borderitem edge="n"   item="12126"/>
		<borderitem edge="e"   item="12127"/>
		<borderitem edge="s"   item="12125"/>
		<borderitem edge="w"   item="12128"/>
		<borderitem edge="cnw" item="12135"/>
		<borderitem edge="cne" item="12136"/>
		<borderitem edge="csw" item="12134"/>
		<borderitem edge="cse" item="12133"/>
		<borderitem edge="dnw" item="12131"/>
		<borderitem edge="dne" item="12132"/>
		<borderitem edge="dsw" item="12130"/>
		<borderitem edge="dse" item="12129"/>
	</border>

	<border id="225"> <!-- brown zao carpet -->
		<borderitem edge="n"   item="12177"/>
		<borderitem edge="e"   item="12178"/>
		<borderitem edge="s"   item="12137"/>
		<borderitem edge="w"   item="12179"/>
		<borderitem edge="cnw" item="12186"/>
		<borderitem edge="cne" item="12187"/>
		<borderitem edge="csw" item="12185"/>
		<borderitem edge="cse" item="12184"/>
		<borderitem edge="dnw" item="12182"/>
		<borderitem edge="dne" item="12183"/>
		<borderitem edge="dsw" item="12181"/>
		<borderitem edge="dse" item="12180"/>
	</border>
</materials>
